Registry,ID,Name,Type,Location,SDGs,Project Start Date,Credits Issued,Credits Retired,Project Website
MRK,MRK104000000016038,NOOR Ouarzazate CSR Project,W+ Income & Assets,Morocco,[],,103420,0,https://mer.markit.com/br-reg/public/project.jsp?project_id=104000000016038
MRK,MRK104000000027026,Braomisaig,No thinning or clearfell,Scotland,[],,26729,0,https://mer.markit.com/br-reg/public/project.jsp?project_id=104000000027026
MRK,MRK104000000028447,"Lodge Farm, Hackford",Continuous cover system,England,[],,2405,0,https://mer.markit.com/br-reg/public/project.jsp?project_id=104000000028447
MRK,MRK104000000026983,Ceannacroc (Phase 1),Peatland Restoration,Scotland,[],,21314,0,https://mer.markit.com/br-reg/public/project.jsp?project_id=104000000026983
MRK,MRK104000000027040,Fannich (Phases 1-3),Peatland Restoration,Scotland,[],,57608,0,https://mer.markit.com/br-reg/public/project.jsp?project_id=104000000027040
MRK,MRK104000000026263,Annandale and Lochwood,Mixed mainly thin and clearfell,Scotland,[],,9585,0,https://mer.markit.com/br-reg/public/project.jsp?project_id=104000000026263
MRK,MRK103000000008881,Mikoko Pamoja,Forest Conservation & Avoided Deforestation,Kenya,[],,27822,12423,https://mer.markit.com/br-reg/public/project.jsp?project_id=103000000008881
MRK,MRK104000000026945,Vanga Blue Forest,Forest Conservation & Avoided Deforestation,Kenya,[],,18442,7331,https://mer.markit.com/br-reg/public/project.jsp?project_id=104000000026945
MRK,MRK103000000017212,Auchencheyne Farm New Woodland Group 1’ (Monybuie NWC),Mixed mainly clearfell,Scotland,[],,32164,0,https://mer.markit.com/br-reg/public/master-project.jsp?project_id=103000000017212
MRK,MRK104000000027774,Babatana Rainforest Conservation Project (Sirebe),Improved forest management,Solomon Islands,[],,108895,3328,https://mer.markit.com/br-reg/public/project.jsp?project_id=104000000027774
MRK,MRK103000000010207,Spott Wood,No thinning or clearfell,Scotland,[],,35290,0,https://mer.markit.com/br-reg/public/project.jsp?project_id=103000000010207
MRK,MRK104000000014502,Kinpurney Farm Woodland Creation,No thinning or clearfell,Scotland,[],,15378,0,https://mer.markit.com/br-reg/public/project.jsp?project_id=104000000014502
MRK,MRK104000000014500,East Mains - Gleneagles Estate,No thinning or clearfell,Scotland,[],,8794,0,https://mer.markit.com/br-reg/public/project.jsp?project_id=104000000014500
MRK,MRK104000000014501,Kaimknowe - Gleneagles Estate,Continuous cover system,Scotland,[],,22425,0,https://mer.markit.com/br-reg/public/project.jsp?project_id=104000000014501
MRK,MRK104000000027054,Mason Lane Headgate,Water Flow Restoration,United States,[],,162492,157180,https://mer.markit.com/br-reg/public/project.jsp?project_id=104000000027054
MRK,MRK104000000027064,Water Trust Mill Creek,Water Flow Restoration,United States,[],,100346,621626,https://mer.markit.com/br-reg/public/project.jsp?project_id=104000000027064
MRK,MRK104000000016036,Kern Wildlife Refuge,Water Flow Restoration,United States,[],,34078,35156,https://mer.markit.com/br-reg/public/project.jsp?project_id=104000000016036
MRK,MRK104000000016107,Flat Creek,Water Flow Restoration,United States,[],,19645,57064,https://mer.markit.com/br-reg/public/project.jsp?project_id=104000000016107
MRK,MRK104000000026415,French Creek,Water Flow Restoration,United States,[],,234738,93965,https://mer.markit.com/br-reg/public/project.jsp?project_id=104000000026415
MRK,MRK104000000026416,Hillabahatchee Creek Basin,Water Flow Restoration,United States,[],,279044,459000,https://mer.markit.com/br-reg/public/project.jsp?project_id=104000000026416
MRK,MRK100000000000784,The Middle Deschutes Instream Flow Restoration,Water Flow Restoration,United States,[],,1101282,4472233,https://mer.markit.com/br-reg/public/project.jsp?project_id=100000000000784
MRK,MRK103000000005532,Roaring Fork River,Water Flow Restoration,United States,[],,122728,451825,https://mer.markit.com/br-reg/public/project.jsp?project_id=103000000005532
MRK,MRK104000000026927,Letterewe Woodland Creation,No thinning or clearfell,Scotland,[],,78311,0,https://mer.markit.com/br-reg/public/project.jsp?project_id=104000000026927
MRK,MRK103000000005649,Bowlts 2016 (Allt na Tamshaig),No thinning or clearfell,Scotland,[],,33962,0,https://mer.markit.com/br-reg/public/master-project.jsp?project_id=103000000005649
MRK,MRK103000000017145,Bowlts-Avochie (Longcliffe),Mixed mainly thinning,Scotland,[],,8788,0,https://mer.markit.com/br-reg/public/master-project.jsp?project_id=103000000017145
MRK,MRK103000000000757,Scottish Forest Alliance  (Glen Sherup),No thinning or clearfell,Scotland,[],,1961059,0,https://mer.markit.com/br-reg/public/master-project.jsp?project_id=103000000000757
MRK,MRK100000000001120,Salmon Arm Landfill Gas GHG Project,Energy Efficiency,Canada,[],,44677,28069,https://mer.markit.com/br-reg/public/project.jsp?project_id=100000000001120
MRK,MRK103000000009792,Cheakamus Community Forest Carbon Project - Transitioned to BCCR,Sequestration,Canada,[],,118194,26141,https://mer.markit.com/br-reg/public/project.jsp?project_id=103000000009792
MRK,MRK100000000000703,Kruger Products Limited – New Westminster Biomass Gasification System - Transitioned to BCCR,Fuel Switching,Canada,[],,124842,86671,https://mer.markit.com/br-reg/public/project.jsp?project_id=100000000000703
MRK,MRK103000000009584,The Great Bear (Haida Gwaii) Forest Carbon Project - Transitioned to BCCR,Sequestration,Canada,[],,1736960,0,https://mer.markit.com/br-reg/public/project.jsp?project_id=103000000009584
MRK,MRK103000000004099,Engine Fuel Gas Management Program of Activities - Transitioned to BCCR,Energy Efficiency,Canada,[],,25990,0,https://mer.markit.com/br-reg/public/project.jsp?project_id=103000000004099
MRK,MRK100000000000697,Northwood Pulp Power Boiler #4 Side Stream Scrubber and Hog System Upgrades Project,Fuel Switching,Canada,[],,15991,22955,https://mer.markit.com/br-reg/public/project.jsp?project_id=100000000000697
MRK,MRK100000000000701,Septimus Electrification Project - Transitioned to BCCR,Fuel Switching,Canada,[],,236978,117922,https://mer.markit.com/br-reg/public/project.jsp?project_id=100000000000701
MRK,MRK100000000000699,Adams Lake Biomass-Fired Energy System,Fuel Switching,Canada,[],,82513,17569,https://mer.markit.com/br-reg/public/project.jsp?project_id=100000000000699
MRK,MRK100000000000957,BC Transit / Translink Bus Fuel Switch - Transitioned to BCCR,Fuel Switching,Canada,[],,10525,24912,https://mer.markit.com/br-reg/public/project.jsp?project_id=100000000000957
MRK,MRK100000000000700,Noel Electrification Project - Transitioned to BCCR,Fuel Switching,Canada,[],,106595,82710,https://mer.markit.com/br-reg/public/project.jsp?project_id=100000000000700
MRK,MRK100000000001083,Canfor Prince George Fuel Switch - Transitioned to BCCR,Fuel Switching,Canada,[],,43321,19263,https://mer.markit.com/br-reg/public/project.jsp?project_id=100000000001083
MRK,MRK100000000001082,Canfor Mackenzie Sawmill Fuel Switch - Transitioned to BCCR,Fuel Switching,Canada,[],,64720,22013,https://mer.markit.com/br-reg/public/project.jsp?project_id=100000000001082
MRK,MRK100000000000709,Sunselect Delta Energy Curtains and Biomass Boiler - Transitioned to BCCR,Fuel Switching,Canada,[],,25974,163298,https://mer.markit.com/br-reg/public/project.jsp?project_id=100000000000709
MRK,MRK100000000001056,Dawson Creek Gas Plant Electrification and Instrument Air Project - Transitioned to BCCR,Fuel Switching,Canada,[],,466125,463093,https://mer.markit.com/br-reg/public/project.jsp?project_id=100000000001056
MRK,MRK100000000001016,Foothills Boulevard Regional Landfill Gas Management Project - Transitioned to BCCR,Energy Efficiency,Canada,[],,85567,51558,https://mer.markit.com/br-reg/public/project.jsp?project_id=100000000001016
MRK,MRK103000000017155,ABCOLTD 18-20 (Llanover GWC),Mixed mainly thin and clearfell,Wales,[],,28579,0,https://mer.markit.com/br-reg/public/master-project.jsp?project_id=103000000017155
MRK,MRK104000000027913,Lowther Hills,Peatland Restoration,Scotland,[],,26599,0,https://mer.markit.com/br-reg/public/project.jsp?project_id=104000000027913
MRK,MRK104000000011691,Bujang Raba Community PES Project,REDD,Indonesia,[],,248086,45825,https://mer.markit.com/br-reg/public/project.jsp?project_id=104000000011691
MRK,MRK104000000026943,Luing Woodland Creation,No thinning or clearfell,Scotland,[],,80766,0,https://mer.markit.com/br-reg/public/project.jsp?project_id=104000000026943
MRK,MRK104000000026999,Lochrosque Estate,Peatland Restoration,Scotland,[],,180102,0,https://mer.markit.com/br-reg/public/project.jsp?project_id=104000000026999
MRK,MRK104000000028256,Carroglen,Peatland Restoration,Scotland,[],,9041,0,https://mer.markit.com/br-reg/public/project.jsp?project_id=104000000028256
MRK,MRK104000000028210,Mointeach Leacaidh,Peatland Restoration,Scotland,[],,37027,0,https://mer.markit.com/br-reg/public/project.jsp?project_id=104000000028210
MRK,MRK104000000026991,Rottal Estate (Phase 1),Peatland Restoration,Scotland,[],,4943,0,https://mer.markit.com/br-reg/public/project.jsp?project_id=104000000026991
MRK,MRK104000000028381,Blackburn of Corrieyairack,Peatland Restoration,Scotland,[],,23170,0,https://mer.markit.com/br-reg/public/project.jsp?project_id=104000000028381
MRK,MRK104000000026984,Gruinard Estate (Phase 1),Peatland Restoration,Scotland,[],,106119,0,https://mer.markit.com/br-reg/public/project.jsp?project_id=104000000026984
MRK,MRK104000000026990,Achnacarry Estate (Phase 1),Peatland Restoration,Scotland,[],,48477,0,https://mer.markit.com/br-reg/public/project.jsp?project_id=104000000026990
MRK,MRK104000000026981,Glutt Estate 1,Peatland Restoration,Scotland,[],,57154,0,https://mer.markit.com/br-reg/public/project.jsp?project_id=104000000026981
MRK,MRK104000000012992,Caledonian Woodland Carbon Scheme,Thin only,Scotland,[],,14210,0,https://mer.markit.com/br-reg/public/project.jsp?project_id=104000000012992
MRK,MRK103000000004180,The Yaeda-Eyasi Landscape REDD project(old),REDD, United Republic of,[],,190264,185234,https://mer.markit.com/br-reg/public/project.jsp?project_id=103000000004180
MRK,MRK104000000029741,The Yaeda-Eyasi Landscape REDD project,REDD, United Republic of,[],,443208,69433,https://mer.markit.com/br-reg/public/project.jsp?project_id=104000000029741
MRK,MRK103000000006046,2017-2020 (Bridge End Farm 2017),No thinning or clearfell,England,[],,7241,0,https://mer.markit.com/br-reg/public/master-project.jsp?project_id=103000000006046
MRK,MRK104000000028552,Corryhabbie Carbon,No thinning or clearfell,Scotland,[],,33762,0,https://mer.markit.com/br-reg/public/project.jsp?project_id=104000000028552
MRK,MRK104000000028411,Shieldbank Carbon,Mixed mainly thin and clearfell,Scotland,[],,11976,0,https://mer.markit.com/br-reg/public/project.jsp?project_id=104000000028411
MRK,MRK104000000026950,Auchenleith,Mixed mainly thin and clearfell,Scotland,[],,21699,0,https://mer.markit.com/br-reg/public/project.jsp?project_id=104000000026950
MRK,MRK104000000027805,Ruallan Carbon,No thinning or clearfell,Scotland,[],,4931,0,https://mer.markit.com/br-reg/public/project.jsp?project_id=104000000027805
MRK,MRK104000000027785,Spittal Hill Carbon,Mixed mainly thin and clearfell,Scotland,[],,22715,0,https://mer.markit.com/br-reg/public/project.jsp?project_id=104000000027785
MRK,MRK104000000027313,Broadford Native Woodland,No thinning or clearfell,Scotland,[],,19417,0,https://mer.markit.com/br-reg/public/project.jsp?project_id=104000000027313
MRK,MRK104000000026476,Boor Farm Woodland Creation,No thinning or clearfell,Scotland,[],,6119,0,https://mer.markit.com/br-reg/public/project.jsp?project_id=104000000026476
MRK,MRK104000000014099,Supporting Landless Farmers in the Tembien Highlands,Forest Restoration,Ethiopia,[],,197516,117024,https://mer.markit.com/br-reg/public/project.jsp?project_id=104000000014099
MRK,MRK104000000028436,gula gula food forest program,Afforestation / Reforestation,Indonesia,[],,77713,34491,https://mer.markit.com/br-reg/public/project.jsp?project_id=104000000028436
MRK,MRK103000000006745,GrwpCoed.Cymru 1 (Brynhoveth),No thinning or clearfell,Wales,[],,34577,0,https://mer.markit.com/br-reg/public/master-project.jsp?project_id=103000000006745
MRK,MRK104000000013993,Durian Rambun,REDD,Indonesia,[],,20137,5310,https://mer.markit.com/br-reg/public/project.jsp?project_id=104000000013993
MRK,MRK100000000001114,Hiniduma Biolink Project,Afforestation / Reforestation,Sri Lanka,[],,2504,2405,https://mer.markit.com/br-reg/public/project.jsp?project_id=100000000001114
MRK,MRK103000000009278,Crick Jubilee Wood,Thin only,England,[],,1307,0,https://mer.markit.com/br-reg/public/project.jsp?project_id=103000000009278
MRK,MRK104000000027539,Bernera Woodland Creation,Continuous cover system,Scotland,[],,32291,0,https://mer.markit.com/br-reg/public/project.jsp?project_id=104000000027539
MRK,MRK104000000026679,Dunlossit Planting Phase 1,No thinning or clearfell,Scotland,[],,53626,0,https://mer.markit.com/br-reg/public/project.jsp?project_id=104000000026679
MRK,MRK104000000027290,Culhay,Mixed mainly clearfell,Scotland,[],,61661,0,https://mer.markit.com/br-reg/public/project.jsp?project_id=104000000027290
MRK,MRK104000000028072,Dunlossit D1&D2,Peatland Restoration,Scotland,[],,58434,0,https://mer.markit.com/br-reg/public/project.jsp?project_id=104000000028072
MRK,MRK104000000027017,Sutherland Estates Silver Rock,Mixed mainly no thin or clearfell,Scotland,[],,59173,0,https://mer.markit.com/br-reg/public/project.jsp?project_id=104000000027017
MRK,MRK104000000016117,Glenorchy Farm Native Woodland,No thinning or clearfell,Scotland,[],,15290,0,https://mer.markit.com/br-reg/public/project.jsp?project_id=104000000016117
MRK,MRK104000000014148,Drawa Rainforest Carbon Project,Improved forest management,Fiji,[],,165350,58310,https://mer.markit.com/br-reg/public/project.jsp?project_id=104000000014148
MRK,MRK104000000028704,Coronation Copse,Thin only,England,[],,1788,0,https://mer.markit.com/br-reg/public/project.jsp?project_id=104000000028704
MRK,MRK104000000027387,Halle's Wood Dunthrop Farm,Thin only,England,[],,659,0,https://mer.markit.com/br-reg/public/project.jsp?project_id=104000000027387
MRK,MRK104000000011995,Hilley Farm Woodlands,Mixed mainly thinning,England,[],,2436,0,https://mer.markit.com/br-reg/public/project.jsp?project_id=104000000011995
MRK,MRK100000000000171,Trees for Global Benefits,Afforestation / Reforestation,Uganda,[],,4303159,1481752,https://mer.markit.com/br-reg/public/project.jsp?project_id=100000000000171
MRK,MRK103000000008782,Benson Wood,Mixed mainly thin and clearfell,England,[],,329,0,https://mer.markit.com/br-reg/public/project.jsp?project_id=103000000008782
MRK,MRK104000000028264,Mountmill Burn,Mixed mainly thin and clearfell,Scotland,[],,11305,0,https://mer.markit.com/br-reg/public/project.jsp?project_id=104000000028264
MRK,MRK104000000027706,Culnakirk WCC,Mixed mainly clearfell,Scotland,[],,26297,0,https://mer.markit.com/br-reg/public/project.jsp?project_id=104000000027706
MRK,MRK104000000026256,Rarakau Rainforest Carbon Project,Improved forest management,New Zealand,[],,18890,13541,https://mer.markit.com/br-reg/public/project.jsp?project_id=104000000026256
MRK,MRK104000000029309,ERA Brazil’s W+ Pollen Program,W+ Education & Knowledge,Brazil,[],,37755,2500,https://mer.markit.com/br-reg/public/project.jsp?project_id=104000000029309
MRK,MRK100000000000136,Community Ecosystem Restoration Program (CERP),Forest,Canada,[],,103206,922467,https://mer.markit.com/br-reg/public/project.jsp?project_id=100000000000136
MRK,MRK104000000027023,Dalnessie New Woodlands,No thinning or clearfell,Scotland,[],,52255,0,https://mer.markit.com/br-reg/public/project.jsp?project_id=104000000027023
MRK,MRK104000000027210,Clerkhill Farm New Planting,Mixed mainly clearfell,Scotland,[],,64935,0,https://mer.markit.com/br-reg/public/project.jsp?project_id=104000000027210
MRK,MRK104000000026936,HALO VERDE TIMOR COMMUNITY FOREST CARBON,Afforestation / Reforestation,Timor-Leste,[],,42164,36681,https://mer.markit.com/br-reg/public/project.jsp?project_id=104000000026936
MRK,MRK,Halterburnhead,No thinning or clearfell,,[],,576205,0,
MRK,MRK103000000000754,Forest Carbon Group Scheme 1 (Balcorach),No thinning or clearfell,Scotland,[],,66323,232,https://mer.markit.com/br-reg/public/master-project.jsp?project_id=103000000000754
MRK,MRK103000000004422,Winterhope,No thinning or clearfell,Scotland,[],,72834,0,https://mer.markit.com/br-reg/public/project.jsp?project_id=103000000004422
MRK,MRK103000000005290,Weekley Hall,Continuous cover system,England,[],,6391,0,https://mer.markit.com/br-reg/public/project.jsp?project_id=103000000005290
MRK,MRK103000000004388,Minsca,No thinning or clearfell,Scotland,[],,2276,0,https://mer.markit.com/br-reg/public/project.jsp?project_id=103000000004388
MRK,MRK103000000004407,Moorside Wood,No thinning or clearfell,England,[],,24370,0,https://mer.markit.com/br-reg/public/project.jsp?project_id=103000000004407
MRK,MRK103000000006547,Forest Carbon Group Scheme 4 (Nether Kidston),No thinning or clearfell,Scotland,[],,149644,0,https://mer.markit.com/br-reg/public/master-project.jsp?project_id=103000000006547
MRK,MRK103000000004403,Overkirkhope,No thinning or clearfell,Scotland,[],,88054,0,https://mer.markit.com/br-reg/public/project.jsp?project_id=103000000004403
MRK,MRK103000000004423,Reathwaite,Thin only,England,[],,19760,0,https://mer.markit.com/br-reg/public/project.jsp?project_id=103000000004423
MRK,MRK104000000027483,Carr Seasg,No thinning or clearfell,Scotland,[],,5246,0,https://mer.markit.com/br-reg/public/project.jsp?project_id=104000000027483
MRK,MRK104000000027901,Innerhadden 2,No thinning or clearfell,Scotland,[],,24838,0,https://mer.markit.com/br-reg/public/project.jsp?project_id=104000000027901
MRK,MRK103000000000748,Buccleuch Estates (G0001) (Crairieknowe),Clearfell only,Scotland,[],,82508,274,https://mer.markit.com/br-reg/public/master-project.jsp?project_id=103000000000748
MRK,MRK103000000004386,Iscoed,Continuous cover system,Wales,[],,3153,3,https://mer.markit.com/br-reg/public/project.jsp?project_id=103000000004386
MRK,MRK103000000004408,Topps Wood,Thin only,Scotland,[],,6633,5,https://mer.markit.com/br-reg/public/project.jsp?project_id=103000000004408
MRK,MRK103000000017181,Forest Carbon Group Scheme 10 (Lowther 3),No thinning or clearfell,Scotland,[],,111656,0,https://mer.markit.com/br-reg/public/master-project.jsp?project_id=103000000017181
MRK,MRK103000000004384,Glenmuck,No thinning or clearfell,Scotland,[],,25204,0,https://mer.markit.com/br-reg/public/project.jsp?project_id=103000000004384
MRK,MRK103000000004413,Bills Cleuch,No thinning or clearfell,Scotland,[],,413327,0,https://mer.markit.com/br-reg/public/project.jsp?project_id=103000000004413
MRK,MRK104000000027992,Abbey Wood,Mixed mainly thin and clearfell,England,[],,8440,0,https://mer.markit.com/br-reg/public/project.jsp?project_id=104000000027992
MRK,MRK103000000017247,Forest Carbon Group Scheme 13 (Benham Estate),Continuous cover system,Scotland,[],,52555,0,https://mer.markit.com/br-reg/public/master-project.jsp?project_id=103000000017247
MRK,MRK103000000002945,Forest Carbon Group Scheme 2 (Craig Farm phase 2),Mixed mainly thin and clearfell,Scotland,[],,56605,0,https://mer.markit.com/br-reg/public/master-project.jsp?project_id=103000000002945
MRK,MRK104000000026992,"Talla, Gameshope and Carrifran",Peatland Restoration,Scotland,[],,40001,0,https://mer.markit.com/br-reg/public/project.jsp?project_id=104000000026992
MRK,MRK103000000017153,Forest Carbon Group Scheme 8 (South Lasts),Mixed mainly thin and clearfell,Scotland,[],,88781,0,https://mer.markit.com/br-reg/public/master-project.jsp?project_id=103000000017153
MRK,MRK103000000017207,Forest Carbon Group Scheme 12 (Little Yarrow),No thinning or clearfell,Scotland,[],,195189,0,https://mer.markit.com/br-reg/public/master-project.jsp?project_id=103000000017207
MRK,MRK103000000004433,Parkhead Community Woodland,No thinning or clearfell,Scotland,[],,4522,0,https://mer.markit.com/br-reg/public/project.jsp?project_id=103000000004433
MRK,MRK103000000004421,Stonebyres,No thinning or clearfell,Scotland,[],,3113,0,https://mer.markit.com/br-reg/public/project.jsp?project_id=103000000004421
MRK,MRK103000000004390,Garvalt Burn,No thinning or clearfell,Scotland,[],,12223,0,https://mer.markit.com/br-reg/public/project.jsp?project_id=103000000004390
MRK,MRK103000000004406,Scalpay West,No thinning or clearfell,Scotland,[],,35095,0,https://mer.markit.com/br-reg/public/project.jsp?project_id=103000000004406
MRK,MRK103000000017169,Forest Carbon Group Scheme 9 (Creagan Loisgte),Mixed mainly continuous cover system,Scotland,[],,619364,0,https://mer.markit.com/br-reg/public/master-project.jsp?project_id=103000000017169
MRK,MRK103000000004447,Forest Carbon Group Scheme 3 (Whitelee),Mixed mainly thinning,Scotland,[],,59704,459,https://mer.markit.com/br-reg/public/master-project.jsp?project_id=103000000004447
MRK,MRK103000000004439,Corehead,No thinning or clearfell,Scotland,[],,21396,0,https://mer.markit.com/br-reg/public/project.jsp?project_id=103000000004439
MRK,MRK103000000004436,Broxburn Community Woodland Phase 4,No thinning or clearfell,Scotland,[],,6544,0,https://mer.markit.com/br-reg/public/project.jsp?project_id=103000000004436
MRK,MRK103000000004283,Brynrhyg,No thinning or clearfell,Wales,[],,5968,0,https://mer.markit.com/br-reg/public/project.jsp?project_id=103000000004283
MRK,MRK103000000004418,Alladale Phase II,No thinning or clearfell,Scotland,[],,78319,0,https://mer.markit.com/br-reg/public/project.jsp?project_id=103000000004418
MRK,MRK103000000004419,Ardochy,Continuous cover system,Scotland,[],,50261,0,https://mer.markit.com/br-reg/public/project.jsp?project_id=103000000004419
MRK,MRK103000000004417,Cairns Farm,Thin only,Scotland,[],,3822,0,https://mer.markit.com/br-reg/public/project.jsp?project_id=103000000004417
MRK,MRK103000000017204,Forest Carbon Group Scheme 11 (Breckenhill),No thinning or clearfell,Scotland,[],,117252,0,https://mer.markit.com/br-reg/public/master-project.jsp?project_id=103000000017204
MRK,MRK103000000006746,Forest Carbon Group Scheme 7 (Hillhead),Mixed mainly continuous cover system,England,[],,112384,0,https://mer.markit.com/br-reg/public/master-project.jsp?project_id=103000000006746
MRK,MRK103000000017295,Forest Carbon Group Scheme 14 (Longcroft Woodland),Mixed mainly clearfell,Scotland,[],,8454,0,https://mer.markit.com/br-reg/public/master-project.jsp?project_id=103000000017295
MRK,MRK103000000004424,Gorton Hill,No thinning or clearfell,Scotland,[],,136275,0,https://mer.markit.com/br-reg/public/project.jsp?project_id=103000000004424
MRK,MRK104000000026206,Talla & Gameshope phase 1,No thinning or clearfell,Scotland,[],,18451,0,https://mer.markit.com/br-reg/public/project.jsp?project_id=104000000026206
MRK,MRK104000000027226,Cathpair,Mixed mainly thin and clearfell,Scotland,[],,3863,0,https://mer.markit.com/br-reg/public/project.jsp?project_id=104000000027226
MRK,MRK103000000004415,Ken View,No thinning or clearfell,Scotland,[],,5824,0,https://mer.markit.com/br-reg/public/project.jsp?project_id=103000000004415
MRK,MRK103000000004430,Yoxall,No thinning or clearfell,England,[],,6943,0,https://mer.markit.com/br-reg/public/project.jsp?project_id=103000000004430
MRK,MRK103000000004416,Milton of Mathers,No thinning or clearfell,Scotland,[],,3827,0,https://mer.markit.com/br-reg/public/project.jsp?project_id=103000000004416
MRK,MRK103000000004435,Broadgairhill,No thinning or clearfell,Scotland,[],,58439,0,https://mer.markit.com/br-reg/public/project.jsp?project_id=103000000004435
MRK,MRK103000000004434,Long Wood,No thinning or clearfell,England,[],,16299,155,https://mer.markit.com/br-reg/public/project.jsp?project_id=103000000004434
MRK,MRK103000000004412,Mid Hill,Continuous cover system,Scotland,[],,126,0,https://mer.markit.com/br-reg/public/project.jsp?project_id=103000000004412
MRK,MRK103000000004411,Floors,Thin only,Scotland,[],,1868,0,https://mer.markit.com/br-reg/public/project.jsp?project_id=103000000004411
MRK,MRK104000000027990,Trochry Hill,Mixed mainly clearfell,Scotland,[],,49629,0,https://mer.markit.com/br-reg/public/project.jsp?project_id=104000000027990
MRK,MRK104000000027898,Smithton Hill,Mixed mainly thin and clearfell,Scotland,[],,7667,0,https://mer.markit.com/br-reg/public/project.jsp?project_id=104000000027898
MRK,MRK103000000004381,Lawel Hill,Thin and clearfell,Scotland,[],,16935,77,https://mer.markit.com/br-reg/public/project.jsp?project_id=103000000004381
MRK,MRK103000000004414,Higham Estate,No thinning or clearfell,England,[],,11137,0,https://mer.markit.com/br-reg/public/project.jsp?project_id=103000000004414
MRK,MRK104000000028515,Riskinhope,Mixed mainly thin and clearfell,Scotland,[],,33141,0,https://mer.markit.com/br-reg/public/project.jsp?project_id=104000000028515
MRK,MRK103000000004392,Haywood,Thin only,England,[],,22113,162,https://mer.markit.com/br-reg/public/project.jsp?project_id=103000000004392
MRK,MRK104000000027314,Broughton Hall,Thin only,England,[],,30514,0,https://mer.markit.com/br-reg/public/project.jsp?project_id=104000000027314
MRK,MRK103000000004420,Barr Farm,No thinning or clearfell,Scotland,[],,785,0,https://mer.markit.com/br-reg/public/project.jsp?project_id=103000000004420
MRK,MRK104000000027807,"Duich Moss, Laggan Estate",Peatland Restoration,Scotland,[],,60656,0,https://mer.markit.com/br-reg/public/project.jsp?project_id=104000000027807
MRK,MRK104000000027352,Cùl Mòr,Peatland Restoration,Scotland,[],,2974,0,https://mer.markit.com/br-reg/public/project.jsp?project_id=104000000027352
MRK,MRK104000000026987,Dryhope,Peatland Restoration,Scotland,[],,4238,0,https://mer.markit.com/br-reg/public/project.jsp?project_id=104000000026987
MRK,MRK104000000016096,Damhead,Mixed mainly continuous cover system,Scotland,[],,55243,0,https://mer.markit.com/br-reg/public/project.jsp?project_id=104000000016096
MRK,MRK104000000026366,Broadmeadows,Mixed mainly thin and clearfell,Scotland,[],,79405,0,https://mer.markit.com/br-reg/public/project.jsp?project_id=104000000026366
MRK,MRK103000000017211,2021 FLS Woodland Carbon Projects (Tillygownie),Mixed mainly clearfell,Scotland,[],,116522,0,https://mer.markit.com/br-reg/public/master-project.jsp?project_id=103000000017211
MRK,MRK103000000000847,Craigengillan Woods Phase 1 (Dalcairnie Farm),No thinning or clearfell,Scotland,[],,35254,512,https://mer.markit.com/br-reg/public/master-project.jsp?project_id=103000000000847
MRK,MRK103000000000848,Craigengillan Woods Phase 2 (Shangaan Wood),No thinning or clearfell,Scotland,[],,41620,0,https://mer.markit.com/br-reg/public/master-project.jsp?project_id=103000000000848
MRK,MRK104000000028058,Quinlochmuir Phase 2,Mixed mainly clearfell,Scotland,[],,25148,0,https://mer.markit.com/br-reg/public/project.jsp?project_id=104000000028058
MRK,MRK104000000027501,Cuthbert Farms,Mixed mainly clearfell,Scotland,[],,12202,0,https://mer.markit.com/br-reg/public/project.jsp?project_id=104000000027501
MRK,MRK104000000026527,Quinlochmuir,Mixed mainly clearfell,Scotland,[],,2139,0,https://mer.markit.com/br-reg/public/project.jsp?project_id=104000000026527
MRK,MRK104000000012135,Baads Mill,Mixed mainly clearfell,Scotland,[],,401,0,https://mer.markit.com/br-reg/public/project.jsp?project_id=104000000012135
MRK,MRK104000000027211,Barholm Phase 1 & 2,Mixed mainly clearfell,Scotland,[],,17488,0,https://mer.markit.com/br-reg/public/project.jsp?project_id=104000000027211
MRK,MRK104000000026474,Dykefoot Farm South,Mixed mainly clearfell,Scotland,[],,4292,0,https://mer.markit.com/br-reg/public/project.jsp?project_id=104000000026474
MRK,MRK104000000028024,Craigengillan peatland restoration,Peatland Restoration,Scotland,[],,705,0,https://mer.markit.com/br-reg/public/project.jsp?project_id=104000000028024
MRK,MRK104000000026929,Bamff Woodland Creation,No thinning or clearfell,Scotland,[],,107333,0,https://mer.markit.com/br-reg/public/project.jsp?project_id=104000000026929
MRK,MRK104000000026628,Plantly Moss,Mixed mainly clearfell,Scotland,[],,11146,0,https://mer.markit.com/br-reg/public/project.jsp?project_id=104000000026628
MRK,MRK104000000026949,Sparrowletch Extension,Mixed mainly thinning,England,[],,1677,0,https://mer.markit.com/br-reg/public/project.jsp?project_id=104000000026949
MRK,MRK104000000027178,Baddoch Hill Woodland Creation,No thinning or clearfell,Scotland,[],,77892,0,https://mer.markit.com/br-reg/public/project.jsp?project_id=104000000027178
MRK,MRK104000000026639,Attadale Glen Ling,No thinning or clearfell,Scotland,[],,19452,0,https://mer.markit.com/br-reg/public/project.jsp?project_id=104000000026639
MRK,MRK104000000027126,Crannich,Mixed mainly no thin or clearfell,Scotland,[],,88330,0,https://mer.markit.com/br-reg/public/project.jsp?project_id=104000000027126
MRK,MRK104000000027893,Bengairn WC Cmpt 14b,Mixed mainly clearfell,Scotland,[],,1929,0,https://mer.markit.com/br-reg/public/project.jsp?project_id=104000000027893
MRK,MRK104000000026486,Chantry Farm,Mixed mainly thin and clearfell,England,[],,336,0,https://mer.markit.com/br-reg/public/project.jsp?project_id=104000000026486
MRK,MRK104000000026629,Dalfoil Farm,Mixed mainly clearfell,Scotland,[],,25121,0,https://mer.markit.com/br-reg/public/project.jsp?project_id=104000000026629
MRK,MRK104000000027479,Ripley Hill,Mixed mainly thin and clearfell,England,[],,300,0,https://mer.markit.com/br-reg/public/project.jsp?project_id=104000000027479
MRK,MRK104000000027128,Reelig Moor Woodland Creation,Mixed mainly no thin or clearfell,Scotland,[],,70730,0,https://mer.markit.com/br-reg/public/project.jsp?project_id=104000000027128
MRK,MRK104000000028779,001-OxC - Global Mangrove Trust restoration & conservation project in North Sumatra,Agriculture & Forestry,Indonesia,[],,207429,6270,https://mer.markit.com/br-reg/public/project.jsp?project_id=104000000028779
MRK,MRK104000000026478,Overton Native Woodland,Thin only,England,[],,4610,0,https://mer.markit.com/br-reg/public/project.jsp?project_id=104000000026478
MRK,MRK103000000017150,New Carbon Woodlands 1 (EE 2020),Continuous cover system,England,[],,39336,0,https://mer.markit.com/br-reg/public/master-project.jsp?project_id=103000000017150
MRK,MRK104000000026898,Bluebell Wood,No thinning or clearfell,England,[],,5508,0,https://mer.markit.com/br-reg/public/project.jsp?project_id=104000000026898
MRK,MRK104000000028262,Hewitson Farm Project 1,No thinning or clearfell,England,[],,2986,0,https://mer.markit.com/br-reg/public/project.jsp?project_id=104000000028262
MRK,MRK104000000028142,Whitbarrow Wood,Mixed mainly no thin or clearfell,England,[],,1404,0,https://mer.markit.com/br-reg/public/project.jsp?project_id=104000000028142
MRK,MRK104000000026255,Waterhead Hill,Mixed mainly thin and clearfell,Scotland,[],,1031,0,https://mer.markit.com/br-reg/public/project.jsp?project_id=104000000026255
MRK,MRK103000000007679,Loch Duagrich,Mixed mainly no thin or clearfell,Scotland,[],,20780,0,https://mer.markit.com/br-reg/public/project.jsp?project_id=103000000007679
MRK,MRK103000000011183,Stirkfield Farm,No thinning or clearfell,Scotland,[],,8185,0,https://mer.markit.com/br-reg/public/project.jsp?project_id=103000000011183
MRK,MRK103000000006187,4 Gesto,No thinning or clearfell,Scotland,[],,31755,0,https://mer.markit.com/br-reg/public/project.jsp?project_id=103000000006187
MRK,MRK103000000011182,Aucharroch Farm,No thinning or clearfell,Scotland,[],,9006,0,https://mer.markit.com/br-reg/public/project.jsp?project_id=103000000011182
MRK,MRK104000000026403,Clawfin,Mixed mainly thin and clearfell,Scotland,[],,7103,0,https://mer.markit.com/br-reg/public/project.jsp?project_id=104000000026403
MRK,MRK104000000028608,Rappach,No thinning or clearfell,Scotland,[],,13323,0,https://mer.markit.com/br-reg/public/project.jsp?project_id=104000000028608
MRK,MRK104000000026826,8 Dalnabreac,No thinning or clearfell,Scotland,[],,11357,0,https://mer.markit.com/br-reg/public/project.jsp?project_id=104000000026826
MRK,MRK104000000027365,Middleton Wood,Mixed mainly thin and clearfell,Scotland,[],,1828,0,https://mer.markit.com/br-reg/public/project.jsp?project_id=104000000027365
MRK,MRK104000000026817,Lick Estate,Mixed mainly continuous cover system,Scotland,[],,25377,0,https://mer.markit.com/br-reg/public/project.jsp?project_id=104000000026817
MRK,MRK104000000027441,Ashens Forest,Mixed mainly clearfell,Scotland,[],,7447,0,https://mer.markit.com/br-reg/public/project.jsp?project_id=104000000027441
MRK,MRK104000000027451,Deskry,Mixed mainly thin and clearfell,Scotland,[],,15556,0,https://mer.markit.com/br-reg/public/project.jsp?project_id=104000000027451
MRK,MRK104000000027472,Loubcroy,Mixed mainly thin and clearfell,Scotland,[],,55564,0,https://mer.markit.com/br-reg/public/project.jsp?project_id=104000000027472
MRK,MRK104000000027351,Wollrig,Mixed mainly thin and clearfell,Scotland,[],,3793,0,https://mer.markit.com/br-reg/public/project.jsp?project_id=104000000027351
MRK,MRK104000000027112,Bandirran,Mixed mainly thin and clearfell,Scotland,[],,3220,0,https://mer.markit.com/br-reg/public/project.jsp?project_id=104000000027112
MRK,MRK104000000028529,Dere Street,Mixed mainly thin and clearfell,Scotland,[],,7692,0,https://mer.markit.com/br-reg/public/project.jsp?project_id=104000000028529
MRK,MRK104000000028174,Trinity Gask,Mixed mainly thin and clearfell,Scotland,[],,3369,0,https://mer.markit.com/br-reg/public/project.jsp?project_id=104000000028174
MRK,MRK104000000026933,Brawliemuir,Mixed mainly thin and clearfell,Scotland,[],,1626,0,https://mer.markit.com/br-reg/public/project.jsp?project_id=104000000026933
MRK,MRK104000000026248,Froghall Trust,Mixed mainly no thin or clearfell,Wales,[],,11047,0,https://mer.markit.com/br-reg/public/project.jsp?project_id=104000000026248
MRK,MRK103000000017167,2020 HW Carbon Group (Penygaer),Thin only,Wales,[],,5813,0,https://mer.markit.com/br-reg/public/master-project.jsp?project_id=103000000017167
MRK,MRK104000000026202,Penllynin,No thinning or clearfell,Wales,[],,1162,0,https://mer.markit.com/br-reg/public/project.jsp?project_id=104000000026202
MRK,MRK104000000013495,Ballygowan,Mixed mainly thinning,Scotland,[],,49391,0,https://mer.markit.com/br-reg/public/project.jsp?project_id=104000000013495
MRK,MRK104000000015890,Crindle Wood,Continuous cover system,England,[],,1853,0,https://mer.markit.com/br-reg/public/project.jsp?project_id=104000000015890
MRK,MRK104000000027138,Tansy Hill,Mixed mainly clearfell,Scotland,[],,17582,0,https://mer.markit.com/br-reg/public/project.jsp?project_id=104000000027138
MRK,MRK104000000014894,Rig of Airie,Mixed mainly thin and clearfell,Scotland,[],,36576,0,https://mer.markit.com/br-reg/public/project.jsp?project_id=104000000014894
MRK,MRK104000000026276,Tillyrie,Mixed mainly clearfell,Scotland,[],,27014,0,https://mer.markit.com/br-reg/public/project.jsp?project_id=104000000026276
MRK,MRK104000000027137,Glendivan,Mixed mainly thin and clearfell,Scotland,[],,29068,0,https://mer.markit.com/br-reg/public/project.jsp?project_id=104000000027137
MRK,MRK103000000000751,James Lonsdale Group (G0007) (Joanna's Wood),No thinning or clearfell,Wales,[],,53094,0,https://mer.markit.com/br-reg/public/master-project.jsp?project_id=103000000000751
MRK,MRK104000000027897,Poppy's Wood,No thinning or clearfell,England,[],,12300,0,https://mer.markit.com/br-reg/public/project.jsp?project_id=104000000027897
MRK,MRK103000000005746,James Lonsdale Group 3 (Henry wood),No thinning or clearfell,Wales,[],,22636,0,https://mer.markit.com/br-reg/public/master-project.jsp?project_id=103000000005746
MRK,MRK103000000004846,Lonsdale Group 2 (Barbara's wood),No thinning or clearfell,England,[],,9317,0,https://mer.markit.com/br-reg/public/master-project.jsp?project_id=103000000004846
MRK,MRK103000000017149,Lonsdale Group 18/19 (Carols Wood),No thinning or clearfell,England,[],,21656,0,https://mer.markit.com/br-reg/public/master-project.jsp?project_id=103000000017149
MRK,MRK103000000017157,lonsdale group 20-21 (Sarah’s wood),No thinning or clearfell,England,[],,15796,0,https://mer.markit.com/br-reg/public/master-project.jsp?project_id=103000000017157
MRK,MRK104000000027895,mays wood,No thinning or clearfell,England,[],,8486,0,https://mer.markit.com/br-reg/public/project.jsp?project_id=104000000027895
MRK,MRK104000000026374,Helen's wood,No thinning or clearfell,England,[],,11753,0,https://mer.markit.com/br-reg/public/project.jsp?project_id=104000000026374
MRK,MRK104000000014115,Emilies wood,No thinning or clearfell,England,[],,400,0,https://mer.markit.com/br-reg/public/project.jsp?project_id=104000000014115
MRK,MRK103000000017154,lonsdale group 19/20 (Jack's wood),No thinning or clearfell,England,[],,25019,0,https://mer.markit.com/br-reg/public/master-project.jsp?project_id=103000000017154
MRK,MRK104000000027020,Balnacoil New Woodlands,Mixed mainly clearfell,Scotland,[],,32386,0,https://mer.markit.com/br-reg/public/project.jsp?project_id=104000000027020
MRK,MRK103000000017258,Selcoth Forestry (Selcoth Crofthead),Mixed mainly continuous cover system,Scotland,[],,42926,0,https://mer.markit.com/br-reg/public/master-project.jsp?project_id=103000000017258
MRK,MRK104000000028618,Steinstane & Sailfoot Burn,Mixed mainly continuous cover system,Scotland,[],,21274,0,https://mer.markit.com/br-reg/public/project.jsp?project_id=104000000028618
MRK,MRK104000000026918,Creag an Fhithich,No thinning or clearfell,Scotland,[],,9084,0,https://mer.markit.com/br-reg/public/project.jsp?project_id=104000000026918
MRK,MRK104000000027118,Clebrig,No thinning or clearfell,Scotland,[],,43344,0,https://mer.markit.com/br-reg/public/project.jsp?project_id=104000000027118
MRK,MRK104000000027968,Corriegarth,No thinning or clearfell,Scotland,[],,16075,0,https://mer.markit.com/br-reg/public/project.jsp?project_id=104000000027968
MRK,MRK104000000026800,Munerigie,No thinning or clearfell,Scotland,[],,6860,0,https://mer.markit.com/br-reg/public/project.jsp?project_id=104000000026800
MRK,MRK104000000026821,Suisgill,No thinning or clearfell,Scotland,[],,12842,0,https://mer.markit.com/br-reg/public/project.jsp?project_id=104000000026821
MRK,MRK103000000004095,Khasi Hills Community REDD+ Project: Restoring and Conserving Meghalaya's Hill ForestsThrough Community Action,REDD,India,[],,438607,396720,https://mer.markit.com/br-reg/public/project.jsp?project_id=103000000004095
MRK,MRK104000000027027,Kinneston,Mixed mainly no thin or clearfell,Scotland,[],,5942,0,https://mer.markit.com/br-reg/public/project.jsp?project_id=104000000027027
MRK,MRK104000000026700,Kilrie Farm,Mixed mainly no thin or clearfell,Scotland,[],,26277,0,https://mer.markit.com/br-reg/public/project.jsp?project_id=104000000026700
MRK,MRK104000000028539,Tressady Phase 1,Peatland Restoration,Scotland,[],,13525,0,https://mer.markit.com/br-reg/public/project.jsp?project_id=104000000028539
MRK,MRK104000000028502,Garynahine Phase 1,Peatland Restoration,Scotland,[],,28143,0,https://mer.markit.com/br-reg/public/project.jsp?project_id=104000000028502
MRK,MRK104000000028290,Kinlochdamph Phase 1,Peatland Restoration,Scotland,[],,7958,0,https://mer.markit.com/br-reg/public/project.jsp?project_id=104000000028290
MRK,MRK104000000028450,Gannochy Phase 1,Peatland Restoration,Scotland,[],,11101,0,https://mer.markit.com/br-reg/public/project.jsp?project_id=104000000028450
MRK,MRK104000000028385,Bighouse Phase 1,Peatland Restoration,Scotland,[],,29394,0,https://mer.markit.com/br-reg/public/project.jsp?project_id=104000000028385
MRK,MRK104000000028841,Bighouse Phase 2,Peatland Restoration,Scotland,[],,21960,0,https://mer.markit.com/br-reg/public/project.jsp?project_id=104000000028841
MRK,MRK104000000016105,Lochgair,No thinning or clearfell,Scotland,[],,14954,0,https://mer.markit.com/br-reg/public/project.jsp?project_id=104000000016105
MRK,MRK104000000011558,Loru Forest Project,Reduced emissions from deforestation & degradation,Vanuatu,[],,29114,15561,https://mer.markit.com/br-reg/public/project.jsp?project_id=104000000011558
MRK,MRK103000000017277,Lude and Invergarry Farms Group 1 (Glen Quoich),No thinning or clearfell,Scotland,[],,45715,0,https://mer.markit.com/br-reg/public/master-project.jsp?project_id=103000000017277
MRK,MRK103000000017306,MSFLM Verification Group 1 (Pyatshaw NWC 1),Mixed mainly thinning,Scotland,[],,24079,0,https://mer.markit.com/br-reg/public/master-project.jsp?project_id=103000000017306
MRK,MRK103000000017195,MSFLM Group 3 (Conhess NWC),Mixed mainly thin and clearfell,Scotland,[],,8970,0,https://mer.markit.com/br-reg/public/master-project.jsp?project_id=103000000017195
MRK,MRK103000000017260,MSFLM Group4 (Bowerhouse & Pilmuir NWC),Mixed mainly thinning,Scotland,[],,2791,0,https://mer.markit.com/br-reg/public/master-project.jsp?project_id=103000000017260
MRK,MRK103000000000749,Wiles Wood,Mixed mainly no thin or clearfell,England,[],,43824,11,https://mer.markit.com/br-reg/public/master-project.jsp?project_id=103000000000749
MRK,MRK103000000004455,Shocott Spring Community Woodland,Thin only,England,[],,91,65,https://mer.markit.com/br-reg/public/project.jsp?project_id=103000000004455
MRK,MRK103000000004597,Ackron Native Woodland,No thinning or clearfell,Scotland,[],,33888,0,https://mer.markit.com/br-reg/public/project.jsp?project_id=103000000004597
MRK,MRK103000000004596,Ackron Mixed Woodland,Mixed mainly continuous cover system,Scotland,[],,25140,3113,https://mer.markit.com/br-reg/public/project.jsp?project_id=103000000004596
MRK,MRK104000000011993,"Pasture Conservation and Climate Action , Mongolia",Agriculture land management,Mongolia,[],,163163,38909,https://mer.markit.com/br-reg/public/project.jsp?project_id=104000000011993
MRK,MRK104000000028521,Mar Lodge Peatland Restoration 2022,Peatland Restoration,Scotland,[],,18009,0,https://mer.markit.com/br-reg/public/project.jsp?project_id=104000000028521
MRK,MRK103000000004446,Zetland Estate (Zetland Estate WCC areas),Thin only,England,[],,17096,0,https://mer.markit.com/br-reg/public/master-project.jsp?project_id=103000000004446
MRK,MRK104000000026598,Zetland Estate Cpt 43 Silver Hill,Thin and clearfell,England,[],,23507,0,https://mer.markit.com/br-reg/public/project.jsp?project_id=104000000026598
MRK,MRK103000000004546,Bromborough SmallWood Group (Bromborough Estates Group Total),Continuous cover system,England,[],,2165,0,https://mer.markit.com/br-reg/public/master-project.jsp?project_id=103000000004546
MRK,MRK103000000004461,Bescaby Diamond Wood,Continuous cover system,England,[],,4006,0,https://mer.markit.com/br-reg/public/project.jsp?project_id=103000000004461
MRK,MRK103000000008077,Blatherwycke Estate,Continuous cover system,England,[],,527,0,https://mer.markit.com/br-reg/public/project.jsp?project_id=103000000008077
MRK,MRK104000000014111,Deenethorpe Estate,Mixed mainly thinning,England,[],,25119,0,https://mer.markit.com/br-reg/public/project.jsp?project_id=104000000014111
MRK,MRK103000000017252,"Bromborough, Brown, Harding (Bromborough P2019)",Thin only,England,[],,4239,0,https://mer.markit.com/br-reg/public/master-project.jsp?project_id=103000000017252
MRK,MRK104000000013208,Rehabilitation and sustainable management by AGED of degraded pastures in the Sahel region of Burkina Faso,Afforestation / Reforestation,Burkina Faso,[],,8396,4886,https://mer.markit.com/br-reg/public/project.jsp?project_id=104000000013208
MRK,MRK100000000000006,Half Mile Lane (Half Mile Lane Area 1 - Floodplain & Channel),Temperature,United States,[],,19428,3700,https://mer.markit.com/br-reg/public/master-project.jsp?project_id=100000000000006
MRK,MRK104000000028564,Ghlas-choire Fersit (K) & Coire Cregach (Q),Peatland Restoration,Scotland,[],,58111,0,https://mer.markit.com/br-reg/public/project.jsp?project_id=104000000028564
MRK,MRK104000000026941,Corrour,No thinning or clearfell,Scotland,[],,10288,0,https://mer.markit.com/br-reg/public/project.jsp?project_id=104000000026941
MRK,MRK100000000001058,Reduction Of Methane Venting From A Gas Transmission Pipeline System,Energy Efficiency,Canada,[],,77559,20573,https://mer.markit.com/br-reg/public/project.jsp?project_id=100000000001058
MRK,MRK100000000000702,Katatheon Biomass Boiler,Fuel Switching,Canada,[],,9135,14064,https://mer.markit.com/br-reg/public/project.jsp?project_id=100000000000702
MRK,MRK100000000000707,Neucel Specialty Cellulose – Fuel Switch Emission Offset Project,Fuel Switching,Canada,[],,7161,123994,https://mer.markit.com/br-reg/public/project.jsp?project_id=100000000000707
MRK,MRK100000000000706,TimberWest Strathcona Ecosystem Conservation Program Project - Transitioned to BCCR,Sequestration,Canada,[],,2600241,848637,https://mer.markit.com/br-reg/public/project.jsp?project_id=100000000000706
MRK,MRK103000000003094,The Great Bear (South Central Coast) Forest Carbon Project,Sequestration,Canada,[],,325877,390275,https://mer.markit.com/br-reg/public/project.jsp?project_id=103000000003094
MRK,MRK100000000000708,Canfor Fort St. John Fuel Switch - Transitioned to BCCR,Fuel Switching,Canada,[],,57714,127142,https://mer.markit.com/br-reg/public/project.jsp?project_id=100000000000708
MRK,MRK100000000000698,Lafarge Richmond Cement Plant Fuel Switch,Fuel Switching,Canada,[],,22874,61161,https://mer.markit.com/br-reg/public/project.jsp?project_id=100000000000698
MRK,MRK100000000001092,GHG Reduction Through Increased Use of Blended Cements,Energy Efficiency,Canada,[],,12157,16751,https://mer.markit.com/br-reg/public/project.jsp?project_id=100000000001092
MRK,MRK103000000002679,Canfor Chetwynd Sawmill Fuel Switch,Fuel Switching,Canada,[],,29576,25083,https://mer.markit.com/br-reg/public/project.jsp?project_id=103000000002679
MRK,MRK100000000001051,Northwood Recovery Boiler #1 Low Odor Upgrade Project,Fuel Switching,Canada,[],,142558,141927,https://mer.markit.com/br-reg/public/project.jsp?project_id=100000000001051
MRK,MRK104000000028414,Delnadamph: Site 1 – The Fèithe,Peatland Restoration,Scotland,[],,39157,0,https://mer.markit.com/br-reg/public/project.jsp?project_id=104000000028414
MRK,MRK104000000028435,Lochrosque Estate (Phase 8),Peatland Restoration,Scotland,[],,121938,0,https://mer.markit.com/br-reg/public/project.jsp?project_id=104000000028435
MRK,MRK104000000026989,Loch Rosque Estate (Phases 5-7),Peatland Restoration,Scotland,[],,148035,0,https://mer.markit.com/br-reg/public/project.jsp?project_id=104000000026989
MRK,MRK104000000026932,Coire Ealt,No thinning or clearfell,Scotland,[],,9223,0,https://mer.markit.com/br-reg/public/project.jsp?project_id=104000000026932
MRK,MRK104000000027602,Drumcharry,Mixed mainly thin and clearfell,Scotland,[],,5156,0,https://mer.markit.com/br-reg/public/project.jsp?project_id=104000000027602
MRK,MRK104000000027782,Yeomadon,Mixed mainly clearfell,England,[],,4373,0,https://mer.markit.com/br-reg/public/project.jsp?project_id=104000000027782
MRK,MRK104000000028063,Glangwesyn,Mixed mainly thin and clearfell,Wales,[],,6065,0,https://mer.markit.com/br-reg/public/project.jsp?project_id=104000000028063
MRK,MRK104000000013212,Cwm Fagor 2016-17,Thin only,Wales,[],,7096,0,https://mer.markit.com/br-reg/public/project.jsp?project_id=104000000013212
MRK,MRK104000000027250,Bitterley Hyde Farm,Continuous cover system,England,[],,1068,0,https://mer.markit.com/br-reg/public/project.jsp?project_id=104000000027250
MRK,MRK104000000028927,Edder Acres,Mixed mainly thinning,England,[],,26577,0,https://mer.markit.com/br-reg/public/project.jsp?project_id=104000000028927
MRK,MRK104000000027051,Maes Mynach,Mixed mainly thin and clearfell,Wales,[],,6833,0,https://mer.markit.com/br-reg/public/project.jsp?project_id=104000000027051
MRK,MRK104000000026962,Snowden Close,Mixed mainly thin and clearfell,England,[],,32973,0,https://mer.markit.com/br-reg/public/project.jsp?project_id=104000000026962
MRK,MRK104000000027346,Struan Point Woodland Creation,Mixed mainly thin and clearfell,Scotland,[],,64620,0,https://mer.markit.com/br-reg/public/project.jsp?project_id=104000000027346
MRK,MRK104000000027060,Ruantallain Estate - Rozga's Wood NWC,No thinning or clearfell,Scotland,[],,21242,0,https://mer.markit.com/br-reg/public/project.jsp?project_id=104000000027060
MRK,MRK104000000027269,Kildavie New Woodland Creation,Mixed mainly clearfell,Scotland,[],,9239,0,https://mer.markit.com/br-reg/public/project.jsp?project_id=104000000027269
MRK,MRK104000000027275,Talatoll New Woodland Creation,Mixed mainly clearfell,Scotland,[],,105029,0,https://mer.markit.com/br-reg/public/project.jsp?project_id=104000000027275
MRK,MRK104000000012809,Rehabilitation and sustainable management by REACH Italia of degraded pastures in the Sahel region of Burkina Faso,Afforestation / Reforestation,Burkina Faso,[],,2084,589,https://mer.markit.com/br-reg/public/project.jsp?project_id=104000000012809
MRK,MRK104000000029010,Ridge Rottal,Peatland Restoration,Scotland,[],,12386,0,https://mer.markit.com/br-reg/public/project.jsp?project_id=104000000029010
MRK,MRK104000000028155,Ridge Graham 1,Peatland Restoration,England,[],,25782,0,https://mer.markit.com/br-reg/public/project.jsp?project_id=104000000028155
MRK,MRK103000000005354,"Forest of Mamlorn, Glenlochay woodland creation",No thinning or clearfell,Scotland,[],,120916,0,https://mer.markit.com/br-reg/public/project.jsp?project_id=103000000005354
MRK,MRK104000000027995,Cerniau,Peatland Restoration,Wales,[],,18943,0,https://mer.markit.com/br-reg/public/project.jsp?project_id=104000000027995
MRK,MRK104000000027437,"Blackford Farms Diverse Conifer & Native Broadleaf Woodland (Cmpts 61, 76, 86 & 87)",Mixed mainly thin and clearfell,Scotland,[],,13190,0,https://mer.markit.com/br-reg/public/project.jsp?project_id=104000000027437
MRK,MRK104000000027170,Frandy Woodland Creation,Mixed mainly clearfell,Scotland,[],,32307,0,https://mer.markit.com/br-reg/public/project.jsp?project_id=104000000027170
MRK,MRK104000000027300,Blairfettie West,Mixed mainly clearfell,Scotland,[],,24463,0,https://mer.markit.com/br-reg/public/project.jsp?project_id=104000000027300
MRK,MRK104000000028386,Pitendie Hill NWC,Mixed mainly clearfell,Scotland,[],,2577,0,https://mer.markit.com/br-reg/public/project.jsp?project_id=104000000028386
MRK,MRK104000000027823,Corsindae Estate Woodland Creation,Mixed mainly thin and clearfell,Scotland,[],,7309,0,https://mer.markit.com/br-reg/public/project.jsp?project_id=104000000027823
MRK,MRK104000000027779,Bolfracks Estate Woodland Creation,Mixed mainly thin and clearfell,Scotland,[],,11409,0,https://mer.markit.com/br-reg/public/project.jsp?project_id=104000000027779
MRK,MRK104000000026745,Meall Gorm,No thinning or clearfell,Scotland,[],,44498,0,https://mer.markit.com/br-reg/public/project.jsp?project_id=104000000026745
MRK,MRK104000000026431,Blackford Farms,Mixed mainly thin and clearfell,Scotland,[],,16981,0,https://mer.markit.com/br-reg/public/project.jsp?project_id=104000000026431
MRK,MRK104000000027784,Blackford Farms Harperstone Mixed Woodland,Mixed mainly clearfell,Scotland,[],,36580,0,https://mer.markit.com/br-reg/public/project.jsp?project_id=104000000027784
MRK,MRK104000000027212,Goodwood 2021,Continuous cover system,England,[],,19412,0,https://mer.markit.com/br-reg/public/project.jsp?project_id=104000000027212
MRK,MRK104000000028023,Warden's Wood,No thinning or clearfell,England,[],,2431,0,https://mer.markit.com/br-reg/public/project.jsp?project_id=104000000028023
MRK,MRK103000000017248,Munnoch and Loanhead (Loanhead Farm),Mixed mainly thin and clearfell,Scotland,[],,22437,0,https://mer.markit.com/br-reg/public/master-project.jsp?project_id=103000000017248
MRK,MRK104000000028497,Scaliscro Peatland Restoration,Peatland Restoration,Scotland,[],,69025,0,https://mer.markit.com/br-reg/public/project.jsp?project_id=104000000028497
MRK,MRK104000000027439,Blackwater Wood,Mixed mainly thinning,Northern Ireland,[],,518,0,https://mer.markit.com/br-reg/public/project.jsp?project_id=104000000027439
MRK,MRK104000000027322,Corrieburn,No thinning or clearfell,Scotland,[],,6632,0,https://mer.markit.com/br-reg/public/project.jsp?project_id=104000000027322
MRK,MRK104000000028091,Nether Durdie,Thin and clearfell,Scotland,[],,4058,0,https://mer.markit.com/br-reg/public/project.jsp?project_id=104000000028091
MRK,MRK104000000027116,Belliston Quarry,Mixed mainly thin and clearfell,Scotland,[],,360,0,https://mer.markit.com/br-reg/public/project.jsp?project_id=104000000027116
MRK,MRK104000000027289,Blackthird Farm,Mixed mainly thin and clearfell,Scotland,[],,11365,0,https://mer.markit.com/br-reg/public/project.jsp?project_id=104000000027289
MRK,MRK104000000028657,Tulchan of Glen Isla,Peatland Restoration,Scotland,[],,47411,0,https://mer.markit.com/br-reg/public/project.jsp?project_id=104000000028657
MRK,MRK104000000027390,Birnie West Woodland Creation,No thinning or clearfell,Scotland,[],,7777,0,https://mer.markit.com/br-reg/public/project.jsp?project_id=104000000027390
MRK,MRK104000000027372,Ballykeel Forest,Mixed mainly thin and clearfell,Northern Ireland,[],,1494,0,https://mer.markit.com/br-reg/public/project.jsp?project_id=104000000027372
MRK,MRK104000000028341,Pinmore Mains 2,Mixed mainly thin and clearfell,Scotland,[],,14923,0,https://mer.markit.com/br-reg/public/project.jsp?project_id=104000000028341
MRK,MRK104000000027247,Auchyle,Mixed mainly thin and clearfell,Scotland,[],,6639,0,https://mer.markit.com/br-reg/public/project.jsp?project_id=104000000027247
MRK,MRK104000000028319,Hillhead of Gask Woodland Creation,Mixed mainly thin and clearfell,Scotland,[],,5625,0,https://mer.markit.com/br-reg/public/project.jsp?project_id=104000000028319
MRK,MRK104000000027079,Garlaff,Mixed mainly clearfell,Scotland,[],,7190,0,https://mer.markit.com/br-reg/public/project.jsp?project_id=104000000027079
MRK,MRK104000000027442,Balfour Farm Woodland Creation,Mixed mainly thin and clearfell,Scotland,[],,1399,0,https://mer.markit.com/br-reg/public/project.jsp?project_id=104000000027442
MRK,MRK104000000028232,Corrennie Hill Woodland Creation,Mixed mainly thin and clearfell,Scotland,[],,10839,0,https://mer.markit.com/br-reg/public/project.jsp?project_id=104000000028232
MRK,MRK103000000017255,"Auchengilsie, Muirfoot, Roughside & Stoneyhill Group (Stoneyhill)",Mixed mainly clearfell,Scotland,[],,56237,0,https://mer.markit.com/br-reg/public/master-project.jsp?project_id=103000000017255
MRK,MRK104000000027221,Cronan,Mixed mainly thin and clearfell,Scotland,[],,717,0,https://mer.markit.com/br-reg/public/project.jsp?project_id=104000000027221
MRK,MRK104000000026921,Ledcharrie NWC,No thinning or clearfell,Scotland,[],,23271,0,https://mer.markit.com/br-reg/public/project.jsp?project_id=104000000026921
MRK,MRK104000000026674,Coulags,No thinning or clearfell,Scotland,[],,29003,0,https://mer.markit.com/br-reg/public/project.jsp?project_id=104000000026674
MRK,MRK104000000027106,Connelston,Mixed mainly thin and clearfell,Scotland,[],,3204,0,https://mer.markit.com/br-reg/public/project.jsp?project_id=104000000027106
MRK,MRK104000000028013,Gowmacmorran,Mixed mainly thin and clearfell,Scotland,[],,14809,0,https://mer.markit.com/br-reg/public/project.jsp?project_id=104000000028013
MRK,MRK104000000027911,Chilcarroch Woodland Creation,Mixed mainly thin and clearfell,Scotland,[],,1039,0,https://mer.markit.com/br-reg/public/project.jsp?project_id=104000000027911
MRK,MRK104000000028448,Kippen and Knowes Low Ground,Mixed mainly thin and clearfell,Scotland,[],,38293,0,https://mer.markit.com/br-reg/public/project.jsp?project_id=104000000028448
MRK,MRK104000000026825,Fairgirth,Mixed mainly thin and clearfell,Scotland,[],,4287,0,https://mer.markit.com/br-reg/public/project.jsp?project_id=104000000026825
MRK,MRK104000000028156,Castle Lachlan,Mixed mainly clearfell,Scotland,[],,27057,0,https://mer.markit.com/br-reg/public/project.jsp?project_id=104000000028156
MRK,MRK104000000026475,Shiel Dykes,Mixed mainly thin and clearfell,England,[],,138467,0,https://mer.markit.com/br-reg/public/project.jsp?project_id=104000000026475
MRK,MRK104000000026953,Kirkmabreck,Mixed mainly thin and clearfell,Scotland,[],,25131,0,https://mer.markit.com/br-reg/public/project.jsp?project_id=104000000026953
MRK,MRK104000000026963,Otter Woodland Creation,Mixed mainly thinning,Scotland,[],,2368,0,https://mer.markit.com/br-reg/public/project.jsp?project_id=104000000026963
MRK,MRK104000000027115,Mairi Brae & Shankston,Mixed mainly thin and clearfell,Scotland,[],,2790,0,https://mer.markit.com/br-reg/public/project.jsp?project_id=104000000027115
MRK,MRK104000000028263,Eastend Carmichael Woodland Creation,Mixed mainly thin and clearfell,Scotland,[],,44,0,https://mer.markit.com/br-reg/public/project.jsp?project_id=104000000028263
MRK,MRK104000000028387,Torr Wood,Thin and clearfell,Scotland,[],,2782,0,https://mer.markit.com/br-reg/public/project.jsp?project_id=104000000028387
MRK,MRK103000000017271,Blackshaw & Darclaboch (Blackshaw Wood 1),Mixed mainly clearfell,Scotland,[],,10843,0,https://mer.markit.com/br-reg/public/master-project.jsp?project_id=103000000017271
MRK,MRK104000000026740,Forter,Mixed mainly thin and clearfell,Scotland,[],,6830,0,https://mer.markit.com/br-reg/public/project.jsp?project_id=104000000026740
MRK,MRK104000000028051,Waterside Hill,Mixed mainly thin and clearfell,Scotland,[],,43550,0,https://mer.markit.com/br-reg/public/project.jsp?project_id=104000000028051
MRK,MRK104000000026877,The Greens,Mixed mainly thin and clearfell,Scotland,[],,5216,0,https://mer.markit.com/br-reg/public/project.jsp?project_id=104000000026877
MRK,MRK104000000028056,Gallowhill Farm,Mixed mainly thin and clearfell,Scotland,[],,166,0,https://mer.markit.com/br-reg/public/project.jsp?project_id=104000000028056
MRK,MRK104000000026532,Feoch,Mixed mainly no thin or clearfell,Scotland,[],,6266,0,https://mer.markit.com/br-reg/public/project.jsp?project_id=104000000026532
MRK,MRK104000000026497,Malagie,No thinning or clearfell,Scotland,[],,14897,0,https://mer.markit.com/br-reg/public/project.jsp?project_id=104000000026497
MRK,MRK104000000027294,Kipps Farm,Mixed mainly thinning,Scotland,[],,2911,0,https://mer.markit.com/br-reg/public/project.jsp?project_id=104000000027294
MRK,MRK104000000026742,Hazel Bank,Thin only,Northern Ireland,[],,2864,0,https://mer.markit.com/br-reg/public/project.jsp?project_id=104000000026742
MRK,MRK104000000027470,Ladyurd,Mixed mainly thin and clearfell,Scotland,[],,12049,0,https://mer.markit.com/br-reg/public/project.jsp?project_id=104000000027470
MRK,MRK104000000027486,Breconside,Mixed mainly thin and clearfell,Scotland,[],,18081,0,https://mer.markit.com/br-reg/public/project.jsp?project_id=104000000027486
MRK,MRK104000000027077,Daljedburgh,Mixed mainly clearfell,Scotland,[],,139861,0,https://mer.markit.com/br-reg/public/project.jsp?project_id=104000000027077
MRK,MRK104000000026483,Bennan Hill,Mixed mainly thin and clearfell,Scotland,[],,17800,0,https://mer.markit.com/br-reg/public/project.jsp?project_id=104000000026483
MRK,MRK104000000028396,Broomfauld and Elly,Mixed mainly thin and clearfell,Scotland,[],,967,0,https://mer.markit.com/br-reg/public/project.jsp?project_id=104000000028396
MRK,MRK104000000027297,Rowlands Hall,Thin only,England,[],,6897,0,https://mer.markit.com/br-reg/public/project.jsp?project_id=104000000027297
MRK,MRK104000000026271,Hunthill,No thinning or clearfell,Scotland,[],,7298,0,https://mer.markit.com/br-reg/public/project.jsp?project_id=104000000026271
MRK,MRK104000000026238,Glenauchie,Mixed mainly clearfell,Scotland,[],,80614,0,https://mer.markit.com/br-reg/public/project.jsp?project_id=104000000026238
MRK,MRK104000000014114,Glenferness - Aitnoch Hill,Mixed mainly no thin or clearfell,Scotland,[],,43170,0,https://mer.markit.com/br-reg/public/project.jsp?project_id=104000000014114
MRK,MRK103000000017261,Lochwood Mains and Eastfields (Eastfields),Mixed mainly clearfell,Scotland,[],,10495,0,https://mer.markit.com/br-reg/public/master-project.jsp?project_id=103000000017261
MRK,MRK104000000028229,Corvanaghan Road,Mixed mainly thin and clearfell,Northern Ireland,[],,1354,0,https://mer.markit.com/br-reg/public/project.jsp?project_id=104000000028229
MRK,MRK104000000027119,Stenrieshill,Mixed mainly thin and clearfell,Scotland,[],,14146,0,https://mer.markit.com/br-reg/public/project.jsp?project_id=104000000027119
MRK,MRK104000000027134,Tayburn,Mixed mainly thin and clearfell,Scotland,[],,15324,0,https://mer.markit.com/br-reg/public/project.jsp?project_id=104000000027134
MRK,MRK104000000026960,Glenkerran,Mixed mainly clearfell,Scotland,[],,11149,0,https://mer.markit.com/br-reg/public/project.jsp?project_id=104000000026960
MRK,MRK104000000028115,Fasque Estate Lowland Woodland,Mixed mainly thin and clearfell,Scotland,[],,25327,0,https://mer.markit.com/br-reg/public/project.jsp?project_id=104000000028115
MRK,MRK104000000028032,Fasque Upland Woodland,Mixed mainly thin and clearfell,Scotland,[],,40216,0,https://mer.markit.com/br-reg/public/project.jsp?project_id=104000000028032
MRK,MRK104000000027904,Brockloch,Mixed mainly clearfell,Scotland,[],,3918,0,https://mer.markit.com/br-reg/public/project.jsp?project_id=104000000027904
MRK,MRK104000000027287,Kinrive farm and Turfachie,Mixed mainly thin and clearfell,Scotland,[],,22733,0,https://mer.markit.com/br-reg/public/project.jsp?project_id=104000000027287
MRK,MRK104000000027899,Dobbingstone Woodland Creation,Mixed mainly clearfell,Scotland,[],,37863,0,https://mer.markit.com/br-reg/public/project.jsp?project_id=104000000027899
MRK,MRK104000000027362,Alton Woodland Creation,Mixed mainly thin and clearfell,Scotland,[],,8341,0,https://mer.markit.com/br-reg/public/project.jsp?project_id=104000000027362
MRK,MRK104000000027293,Glensone,Mixed mainly thin and clearfell,Scotland,[],,6840,0,https://mer.markit.com/br-reg/public/project.jsp?project_id=104000000027293
MRK,MRK104000000027213,Auchleeks,Mixed mainly thin and clearfell,Scotland,[],,6592,0,https://mer.markit.com/br-reg/public/project.jsp?project_id=104000000027213
MRK,MRK104000000028011,Mynydd Argoed,Mixed mainly thin and clearfell,Wales,[],,13121,0,https://mer.markit.com/br-reg/public/project.jsp?project_id=104000000028011
MRK,MRK104000000026804,Knockbarragh NWC,Thin only,Northern Ireland,[],,1108,0,https://mer.markit.com/br-reg/public/project.jsp?project_id=104000000026804
MRK,MRK104000000026734,Ralia,Mixed mainly thin and clearfell,Scotland,[],,41082,0,https://mer.markit.com/br-reg/public/project.jsp?project_id=104000000026734
MRK,MRK104000000027205,Killiechonich,Mixed mainly clearfell,Scotland,[],,3229,0,https://mer.markit.com/br-reg/public/project.jsp?project_id=104000000027205
MRK,MRK104000000027110,Gainerhill,Mixed mainly thin and clearfell,Scotland,[],,3412,0,https://mer.markit.com/br-reg/public/project.jsp?project_id=104000000027110
MRK,MRK104000000027405,Totachocaire Native Woodland Creation,Mixed mainly no thin or clearfell,Scotland,[],,63601,0,https://mer.markit.com/br-reg/public/project.jsp?project_id=104000000027405
MRK,MRK104000000027189,Loch Crongart,Mixed mainly clearfell,Scotland,[],,44,0,https://mer.markit.com/br-reg/public/project.jsp?project_id=104000000027189
MRK,MRK104000000027375,Cousland,Thin only,Scotland,[],,1181,0,https://mer.markit.com/br-reg/public/project.jsp?project_id=104000000027375
MRK,MRK104000000027081,Eldrick,Clearfell only,Scotland,[],,3293,0,https://mer.markit.com/br-reg/public/project.jsp?project_id=104000000027081
MRK,MRK104000000027089,Waterside,Mixed mainly thin and clearfell,Scotland,[],,5096,0,https://mer.markit.com/br-reg/public/project.jsp?project_id=104000000027089
MRK,MRK104000000027444,Newlands 2,Mixed mainly thin and clearfell,Scotland,[],,9226,0,https://mer.markit.com/br-reg/public/project.jsp?project_id=104000000027444
MRK,MRK104000000026824,Auchenleck,Mixed mainly thin and clearfell,Scotland,[],,339,0,https://mer.markit.com/br-reg/public/project.jsp?project_id=104000000026824
MRK,MRK104000000027066,High Cleughearn NWC,Mixed mainly thin and clearfell,Scotland,[],,3172,0,https://mer.markit.com/br-reg/public/project.jsp?project_id=104000000027066
MRK,MRK104000000027104,West Heads,Mixed mainly thin and clearfell,Scotland,[],,9574,0,https://mer.markit.com/br-reg/public/project.jsp?project_id=104000000027104
MRK,MRK104000000027200,Ash Tree Farm,Mixed mainly thin and clearfell,England,[],,1425,0,https://mer.markit.com/br-reg/public/project.jsp?project_id=104000000027200
MRK,MRK104000000026435,Knowes and Keltie,Mixed mainly thin and clearfell,Scotland,[],,4240,0,https://mer.markit.com/br-reg/public/project.jsp?project_id=104000000026435
MRK,MRK104000000027034,Llwyn Coch,Mixed mainly no thin or clearfell,Wales,[],,3502,0,https://mer.markit.com/br-reg/public/project.jsp?project_id=104000000027034
MRK,MRK104000000027248,Cairnhill Woodland Creation,Mixed mainly thin and clearfell,Scotland,[],,12089,0,https://mer.markit.com/br-reg/public/project.jsp?project_id=104000000027248
MRK,MRK103000000017270,Westoun & Low Keirs (Low Keirs),Mixed mainly thin and clearfell,Scotland,[],,1034,0,https://mer.markit.com/br-reg/public/master-project.jsp?project_id=103000000017270
MRK,MRK103000000004505,Upton Court Park,Thin only,England,[],,1978,0,https://mer.markit.com/br-reg/public/project.jsp?project_id=103000000004505
MRK,MRK104000000026994,Bwlch y Groes,Peatland Restoration,Wales,[],,4082,0,https://mer.markit.com/br-reg/public/project.jsp?project_id=104000000026994
MRK,MRK104000000027002,Blaen y Coed,Peatland Restoration,Wales,[],,6044,0,https://mer.markit.com/br-reg/public/project.jsp?project_id=104000000027002
MRK,MRK95,Scolel té Natural Resources Management and Carbon Sequestration Project (Forest Conservation),Forest Conservation & Avoided Deforestation,Mexico,[],,328292,30,https://mer.markit.com/br-reg/public/master-project.jsp?project_id=95
MRK,MRK104000000028189,Strathvaich Phase 4,Peatland Restoration,Scotland,[],,65655,0,https://mer.markit.com/br-reg/public/project.jsp?project_id=104000000028189
MRK,MRK104000000027249,"Manus, The Baronscourt Estate",Thin only,Northern Ireland,[],,5628,0,https://mer.markit.com/br-reg/public/project.jsp?project_id=104000000027249
MRK,MRK103000000017148,SFM Group 1 (Pencefn Drysgol),Continuous cover system,Wales,[],,14160,0,https://mer.markit.com/br-reg/public/master-project.jsp?project_id=103000000017148
MRK,MRK100000000000609,The CommuniTree Carbon Program (formerly Limay Community Carbon Project),Forest,Nicaragua,[],,5057214,1737834,https://mer.markit.com/br-reg/public/project.jsp?project_id=100000000000609
MRK,MRK104000000026378,Markham's Wood,No thinning or clearfell,England,[],,4508,0,https://mer.markit.com/br-reg/public/project.jsp?project_id=104000000026378
MRK,MRK100000000000695,ArBolivia,Afforestation / Reforestation, Plurinational State of,[],,373377,221394,https://mer.markit.com/br-reg/public/project.jsp?project_id=100000000000695
MRK,MRK104000000029692,Bear Creek RM 6.6,Temperature,United States,[],,27100787,0,https://mer.markit.com/br-reg/public/project.jsp?project_id=104000000029692
MRK,MRK104000000012233,Cedar Creek RM 4,Temperature,United States,[],,14862822,0,https://mer.markit.com/br-reg/public/project.jsp?project_id=104000000012233
MRK,MRK103000000009977,Cedar Creek 2.5,Temperature,United States,[],,40254633,0,https://mer.markit.com/br-reg/public/project.jsp?project_id=103000000009977
MRK,MRK104000000029585,Coast Fork Willamette RM 3.3,Temperature,United States,[],,21922095,0,https://mer.markit.com/br-reg/public/project.jsp?project_id=104000000029585
MRK,MRK104000000029584,McKenzie RM 21.96,Temperature,United States,[],,6816987,0,https://mer.markit.com/br-reg/public/project.jsp?project_id=104000000029584
MRK,MRK104000000028498,McKenzie RM 32,Temperature,United States,[],,49315420,0,https://mer.markit.com/br-reg/public/project.jsp?project_id=104000000028498
MRK,MRK103000000004282,Mill Race RM 2,Temperature,United States,[],,7634805,0,https://mer.markit.com/br-reg/public/project.jsp?project_id=103000000004282
MRK,MRK104000000028600,Bear Creek RM 24.1,Temperature,United States,[],,1809042,0,https://mer.markit.com/br-reg/public/project.jsp?project_id=104000000028600
MRK,MRK104000000028601,Bear Creek RM 22.9,Temperature,United States,[],,13005133,0,https://mer.markit.com/br-reg/public/project.jsp?project_id=104000000028601
MRK,MRK104000000028598,Ashland Creek RM 0.2,Temperature,United States,[],,13470103,0,https://mer.markit.com/br-reg/public/project.jsp?project_id=104000000028598
MRK,MRK104000000015309,Rogue RM 127.5,Temperature,United States,[],,75756230,18939057,https://mer.markit.com/br-reg/public/project.jsp?project_id=104000000015309
MRK,MRK104000000016000,Little Butte RM 13,Temperature,United States,[],,33137058,8284264,https://mer.markit.com/br-reg/public/project.jsp?project_id=104000000016000
MRK,MRK104000000026369,Rogue RM 127,Temperature,United States,[],,147921092,36980273,https://mer.markit.com/br-reg/public/project.jsp?project_id=104000000026369
MRK,MRK104000000026827,Bear RM 24.05,Temperature,United States,[],,2360802,0,https://mer.markit.com/br-reg/public/project.jsp?project_id=104000000026827
MRK,MRK104000000028494,McKenzie RM 24,Temperature,United States,[],,21729109,0,https://mer.markit.com/br-reg/public/project.jsp?project_id=104000000028494
MRK,MRK104000000028037,Bear Creek RM 23.5,Temperature,United States,[],,12627601,0,https://mer.markit.com/br-reg/public/project.jsp?project_id=104000000028037
MRK,MRK104000000028038,Bear Creek RM 18.8,Temperature,United States,[],,22378196,0,https://mer.markit.com/br-reg/public/project.jsp?project_id=104000000028038
MRK,MRK104000000029107,Bear Creek RM 16.6,Temperature,United States,[],,12408560,0,https://mer.markit.com/br-reg/public/project.jsp?project_id=104000000029107
MRK,MRK104000000012299,Rogue RM 108,Temperature,United States,[],,61995367,30997683,https://mer.markit.com/br-reg/public/project.jsp?project_id=104000000012299
MRK,MRK103000000007692,Little Butte RM 8.5,Temperature,United States,[],,21412533,10706266,https://mer.markit.com/br-reg/public/project.jsp?project_id=103000000007692
MRK,MRK103000000009197,Applegate RM 3,Temperature,United States,[],,56701835,28350917,https://mer.markit.com/br-reg/public/project.jsp?project_id=103000000009197
MRK,MRK103000000009185,Rogue RM 95,Temperature,United States,[],,67768658,33884329,https://mer.markit.com/br-reg/public/project.jsp?project_id=103000000009185
MRK,MRK104000000012697,Rogue RM 107.5,Temperature,United States,[],,20354799,10177399,https://mer.markit.com/br-reg/public/project.jsp?project_id=104000000012697
MRK,MRK103000000007985,Sprague RM 43.5,Phosphorus,United States,[],,5,5,https://mer.markit.com/br-reg/public/project.jsp?project_id=103000000007985
MRK,MRK103000000005183,Middle Fork John Day RM 50,Temperature,United States,[],,8926869,0,https://mer.markit.com/br-reg/public/project.jsp?project_id=103000000005183
MRK,MRK100000000000004,Mohawk River Riparian Enhancement Project (Area 1 - Floodplain & Channel),Temperature,United States,[],,970644,0,https://mer.markit.com/br-reg/public/master-project.jsp?project_id=100000000000004
MRK,MRK104000000027072,Brisbane Mains,No thinning or clearfell,Scotland,[],,77933,0,https://mer.markit.com/br-reg/public/project.jsp?project_id=104000000027072
MRK,MRK104000000028270,Swarthghyll,Peatland Restoration,England,[],,11481,0,https://mer.markit.com/br-reg/public/project.jsp?project_id=104000000028270
MRK,MRK104000000028193,Montgreenan,No thinning or clearfell,Scotland,[],,4983,0,https://mer.markit.com/br-reg/public/project.jsp?project_id=104000000028193
MRK,MRK104000000027271,Constablewood Estate,No thinning or clearfell,Scotland,[],,24795,0,https://mer.markit.com/br-reg/public/project.jsp?project_id=104000000027271
MRK,MRK103000000017273,CS Scotland 2 (Rynachulaig),Mixed mainly clearfell,Scotland,[],,57227,0,https://mer.markit.com/br-reg/public/master-project.jsp?project_id=103000000017273
MRK,MRK104000000028203,Wooplaw,Mixed mainly clearfell,Scotland,[],,512,0,https://mer.markit.com/br-reg/public/project.jsp?project_id=104000000028203
MRK,MRK104000000027172,Old Jed,Mixed mainly thin and clearfell,Scotland,[],,13940,0,https://mer.markit.com/br-reg/public/project.jsp?project_id=104000000027172
MRK,MRK67,CS 9 (Culraven),No thinning or clearfell,Scotland,[],,18364,0,https://mer.markit.com/br-reg/public/master-project.jsp?project_id=67
MRK,MRK35,CS 6 (Beckside),Mixed mainly thinning,England,[],,32466,0,https://mer.markit.com/br-reg/public/master-project.jsp?project_id=35
MRK,MRK104000000027123,Whitehouse Farm,Mixed mainly clearfell,Scotland,[],,5300,0,https://mer.markit.com/br-reg/public/project.jsp?project_id=104000000027123
MRK,MRK103000000017275,CS 3 (Harperleas),Mixed mainly thin and clearfell,Scotland,[],,75681,0,https://mer.markit.com/br-reg/public/master-project.jsp?project_id=103000000017275
MRK,MRK103000000017276,CS 4 (Cwmcringlyn),Mixed mainly thin and clearfell,Wales,[],,61071,0,https://mer.markit.com/br-reg/public/master-project.jsp?project_id=103000000017276
MRK,MRK104000000027140,Gibshiel Farm,Mixed mainly clearfell,England,[],,2420,0,https://mer.markit.com/br-reg/public/project.jsp?project_id=104000000027140
MRK,MRK104000000026738,Glenwhargen - Conifer,Mixed mainly clearfell,Scotland,[],,53652,0,https://mer.markit.com/br-reg/public/project.jsp?project_id=104000000026738
MRK,MRK104000000026964,Accurrach,No thinning or clearfell,Scotland,[],,12516,0,https://mer.markit.com/br-reg/public/project.jsp?project_id=104000000026964
MRK,MRK104000000026805,Corwar Farm,Mixed mainly clearfell,Scotland,[],,2006,0,https://mer.markit.com/br-reg/public/project.jsp?project_id=104000000026805
MRK,MRK104000000027029,Cragg Estate,No thinning or clearfell,England,[],,3254,0,https://mer.markit.com/br-reg/public/project.jsp?project_id=104000000027029
MRK,MRK104000000015695,Llettyrhaflaeth,Mixed mainly thin and clearfell,Wales,[],,4376,0,https://mer.markit.com/br-reg/public/project.jsp?project_id=104000000015695
MRK,MRK104000000027022,Langley Forest,Mixed mainly thin and clearfell,England,[],,5628,0,https://mer.markit.com/br-reg/public/project.jsp?project_id=104000000027022
MRK,MRK103000000017259,CS Wales 1 (Cwm Ffrwd),Mixed mainly thin and clearfell,Wales,[],,8403,0,https://mer.markit.com/br-reg/public/master-project.jsp?project_id=103000000017259
MRK,MRK104000000026498,Glenwhargen - Native,No thinning or clearfell,Scotland,[],,1837,0,https://mer.markit.com/br-reg/public/project.jsp?project_id=104000000026498
MRK,MRK104000000027508,Cameron Farm,No thinning or clearfell,Scotland,[],,10175,0,https://mer.markit.com/br-reg/public/project.jsp?project_id=104000000027508
MRK,MRK104000000027033,Glencotho,Mixed mainly clearfell,Scotland,[],,52490,0,https://mer.markit.com/br-reg/public/project.jsp?project_id=104000000027033
MRK,MRK104000000026972,Ddulleybank Phase 2,Mixed mainly thin and clearfell,Wales,[],,1102,0,https://mer.markit.com/br-reg/public/project.jsp?project_id=104000000026972
MRK,MRK104000000027317,Hensol & Dornells,Mixed mainly thin and clearfell,Scotland,[],,38469,0,https://mer.markit.com/br-reg/public/project.jsp?project_id=104000000027317
MRK,MRK104000000027038,Dalnavie,Mixed mainly clearfell,Scotland,[],,45114,0,https://mer.markit.com/br-reg/public/project.jsp?project_id=104000000027038
MRK,MRK104000000027152,Loch Riddon Wood,Mixed mainly thin and clearfell,Scotland,[],,16972,0,https://mer.markit.com/br-reg/public/project.jsp?project_id=104000000027152
MRK,MRK104000000027547,Balintore,Mixed mainly no thin or clearfell,Scotland,[],,45083,0,https://mer.markit.com/br-reg/public/project.jsp?project_id=104000000027547
MRK,MRK104000000027113,Homeston,Mixed mainly clearfell,Scotland,[],,8308,0,https://mer.markit.com/br-reg/public/project.jsp?project_id=104000000027113
MRK,MRK104000000027378,Marbrack,Mixed mainly clearfell,Scotland,[],,616,0,https://mer.markit.com/br-reg/public/project.jsp?project_id=104000000027378
MRK,MRK104000000014491,Ty'n y Berth,Mixed mainly clearfell,Wales,[],,828,0,https://mer.markit.com/br-reg/public/project.jsp?project_id=104000000014491
MRK,MRK104000000028261,Foudland Hill WC,Mixed mainly thin and clearfell,Scotland,[],,18301,0,https://mer.markit.com/br-reg/public/project.jsp?project_id=104000000028261
MRK,MRK104000000028020,Craigenhigh WC,Mixed mainly thin and clearfell,Scotland,[],,33075,0,https://mer.markit.com/br-reg/public/project.jsp?project_id=104000000028020
MRK,MRK104000000027636,Ardlarach,Mixed mainly no thin or clearfell,Scotland,[],,19242,0,https://mer.markit.com/br-reg/public/project.jsp?project_id=104000000027636
MRK,MRK104000000027891,Cairnton Blackhall Woodland Expansion,Mixed mainly thin and clearfell,Scotland,[],,9,0,https://mer.markit.com/br-reg/public/project.jsp?project_id=104000000027891
MRK,MRK104000000012425,Allt Ruadh,No thinning or clearfell,Scotland,[],,60739,0,https://mer.markit.com/br-reg/public/project.jsp?project_id=104000000012425
MRK,MRK104000000027781,Inveryne Woodland Restoration,Mixed mainly thinning,Scotland,[],,3683,0,https://mer.markit.com/br-reg/public/project.jsp?project_id=104000000027781
MRK,MRK104000000029084,UTNWF,Agriculture land management,Kenya,[],,66500,50100,https://mer.markit.com/br-reg/public/project.jsp?project_id=104000000029084
MRK,MRK100000000000383,Emiti Nibwo Bulora,Afforestation / Reforestation, United Republic of,[],,71240,82411,https://mer.markit.com/br-reg/public/project.jsp?project_id=100000000000383
MRK,MRK103000000004606,Warner’s Wood,No thinning or clearfell,England,[],,34,0,https://mer.markit.com/br-reg/public/project.jsp?project_id=103000000004606
MRK,MRK104000000015999,Drumloch,Mixed mainly thin and clearfell,Scotland,[],,5506,0,https://mer.markit.com/br-reg/public/project.jsp?project_id=104000000015999
MRK,MRK104000000015998,Ballochleam,Mixed mainly thin and clearfell,Scotland,[],,11740,0,https://mer.markit.com/br-reg/public/project.jsp?project_id=104000000015998
MRK,MRK104000000026552,Allt Bhran,No thinning or clearfell,Scotland,[],,358480,0,https://mer.markit.com/br-reg/public/project.jsp?project_id=104000000026552
MRK,MRK104000000028283,Glenfeshie peatland restoration - Phase 4,Peatland Restoration,Scotland,[],,5319,0,https://mer.markit.com/br-reg/public/project.jsp?project_id=104000000028283
MRK,MRK104000000028284,Glenfeshie peatland restoration - Phase 5,Peatland Restoration,Scotland,[],,8745,0,https://mer.markit.com/br-reg/public/project.jsp?project_id=104000000028284
MRK,MRK104000000028446,Glenfeshie peatland restoration - Phase 6,Peatland Restoration,Scotland,[],,16965,0,https://mer.markit.com/br-reg/public/project.jsp?project_id=104000000028446
MRK,MRK104000000026547,Coire Fhearnasdail,Mixed mainly no thin or clearfell,Scotland,[],,154134,0,https://mer.markit.com/br-reg/public/project.jsp?project_id=104000000026547
MRK,MRK100000000000781,Trees of Hope,Afforestation / Reforestation,Malawi,[],,83626,82490,https://mer.markit.com/br-reg/public/project.jsp?project_id=100000000000781
MRK,MRK104000000015320,Women's Time Savings from Biogas in Nepal,W+ Time,Nepal,[],,224064,1472,https://mer.markit.com/br-reg/public/project.jsp?project_id=104000000015320
MRK,MRK104000000027374,Sandamhor,Mixed mainly continuous cover system,Scotland,[],,2123,0,https://mer.markit.com/br-reg/public/project.jsp?project_id=104000000027374
MRK,MRK103000000004454,Warcop Training Area,No thinning or clearfell,England,[],,81453,178,https://mer.markit.com/br-reg/public/project.jsp?project_id=103000000004454
MRK,MRK104000000014100,New House Farm,Mixed mainly no thin or clearfell,Wales,[],,13658,0,https://mer.markit.com/br-reg/public/project.jsp?project_id=104000000014100
MRK,MRK103000000004491,Heartwood,No thinning or clearfell,England,[],,122790,9,https://mer.markit.com/br-reg/public/project.jsp?project_id=103000000004491
MRK,MRK104000000027024,Caplich,No thinning or clearfell,Scotland,[],,4440,0,https://mer.markit.com/br-reg/public/project.jsp?project_id=104000000027024
MRK,MRK104000000027710,Smithills Phase 3,Thin only,England,[],,4947,0,https://mer.markit.com/br-reg/public/project.jsp?project_id=104000000027710
MRK,MRK104000000014207,Great Thorndean PPP,Thin only,England,[],,9081,0,https://mer.markit.com/br-reg/public/project.jsp?project_id=104000000014207
MRK,MRK104000000016041,Ledbeg,No thinning or clearfell,Scotland,[],,83976,0,https://mer.markit.com/br-reg/public/project.jsp?project_id=104000000016041
MRK,MRK104000000027384,Queens Wood,Mixed mainly thinning,England,[],,6784,0,https://mer.markit.com/br-reg/public/project.jsp?project_id=104000000027384
MRK,MRK104000000027978,Glas-na-Bradan Phase 1,Thin only,Northern Ireland,[],,5159,0,https://mer.markit.com/br-reg/public/project.jsp?project_id=104000000027978
MRK,MRK104000000027347,Brynau,Thin only,Wales,[],,13808,0,https://mer.markit.com/br-reg/public/project.jsp?project_id=104000000027347
MRK,MRK104000000013990,Coed y Foel Pasture,Mixed mainly no thin or clearfell,Wales,[],,1339,19,https://mer.markit.com/br-reg/public/project.jsp?project_id=104000000013990
MRK,MRK104000000027905,Glengrasco,No thinning or clearfell,Scotland,[],,1218,0,https://mer.markit.com/br-reg/public/project.jsp?project_id=104000000027905
MRK,MRK104000000027111,Aughrim,Thin only,Northern Ireland,[],,12315,0,https://mer.markit.com/br-reg/public/project.jsp?project_id=104000000027111
MRK,MRK104000000026500,Gameshope,No thinning or clearfell,Scotland,[],,18193,0,https://mer.markit.com/br-reg/public/project.jsp?project_id=104000000026500
MRK,MRK104000000014499,Faughan Valley Mosaic,No thinning or clearfell,Northern Ireland,[],,10558,0,https://mer.markit.com/br-reg/public/project.jsp?project_id=104000000014499
MRK,MRK104000000014095,Langley Vale Phase 1,No thinning or clearfell,England,[],,2062,0,https://mer.markit.com/br-reg/public/project.jsp?project_id=104000000014095
MRK,MRK104000000027769,Frankland,Thin only,England,[],,107,0,https://mer.markit.com/br-reg/public/project.jsp?project_id=104000000027769
MRK,MRK104000000026506,Kinclaven,Mixed mainly no thin or clearfell,Scotland,[],,9280,0,https://mer.markit.com/br-reg/public/project.jsp?project_id=104000000026506
MRK,MRK104000000027364,Wellhall,No thinning or clearfell,Scotland,[],,3325,0,https://mer.markit.com/br-reg/public/project.jsp?project_id=104000000027364
MRK,MRK104000000026698,Tring,Thin only,England,[],,3077,0,https://mer.markit.com/br-reg/public/project.jsp?project_id=104000000026698
MRK,MRK104000000028306,Butterdean,Thin only,Scotland,[],,444,0,https://mer.markit.com/br-reg/public/project.jsp?project_id=104000000028306
MRK,MRK104000000028451,Mavis Park Woods,Mixed mainly no thin or clearfell,Scotland,[],,2446,0,https://mer.markit.com/br-reg/public/project.jsp?project_id=104000000028451
MRK,MRK74,South East 21/22 Group (Sandhills Wood),Thin only,England,[],,8954,0,https://mer.markit.com/br-reg/public/master-project.jsp?project_id=74
MRK,MRK104000000026394,Queen Elizabeth Diamond Jubilee Wood (QEDJW),Mixed mainly no thin or clearfell,England,[],,4791,0,https://mer.markit.com/br-reg/public/project.jsp?project_id=104000000026394
MRK,MRK103000000017287,Mead Woodland (Young Peoples Forest at Mead Phase 2),Mixed mainly thinning,England,[],,9504,0,https://mer.markit.com/br-reg/public/master-project.jsp?project_id=103000000017287
MRK,MRK104000000026277,Rimbak Pakai Pengidup Project,Forest Conservation & Avoided Deforestation,Indonesia,[],,4032,2180,https://mer.markit.com/br-reg/public/project.jsp?project_id=104000000026277
MRK,MRK103000000000756,Yorkshire Dales Millennium Trust (G0002) (Lamberts Wood),No thinning or clearfell,England,[],,17434,0,https://mer.markit.com/br-reg/public/master-project.jsp?project_id=103000000000756
MRK,MRK103000000009187,Howesyke,No thinning or clearfell,England,[],,51155,0,https://mer.markit.com/br-reg/public/project.jsp?project_id=103000000009187
MRK,MRK104000000012695,Ormsgill Green,No thinning or clearfell,England,[],,2205,0,https://mer.markit.com/br-reg/public/project.jsp?project_id=104000000012695
